iter	RMSE
0	63.72366237
1	62.928264
2	62.09176516
3	61.33470231
4	60.77513995
5	60.31135345
6	59.85966093
7	59.23242674
8	58.73337559
9	58.29267405
10	57.89328545
11	57.53398416
12	57.25147382
13	57.13420618
14	56.97551175
15	56.65646976
16	56.32534461
17	55.92748705
18	55.65602856
19	55.41500276
